{
  "val_mse": 0.00039208485031849705,
  "test_mse": 0.00041376572311477267,
  "test_mae": 0.017107178994674024,
  "sharpe": 0.010914423320353988,
  "turnover": 0.03665500242316081,
  "costs_bps": 10.0,
  "alloc_mode": "dollar_neutral"
}