{
  "val_mse": 0.00020059598500665743,
  "test_mse": 0.00014830813863848496,
  "test_mae": 0.009347860981536105,
  "sharpe": -0.32679929246663536,
  "turnover": 0.697233498459909,
  "costs_bps": 10.0,
  "alloc_mode": "dollar_neutral"
}