{
  "val_mse": 0.0002058439158645342,
  "test_mse": 0.00012654131610841847,
  "test_mae": 0.008510558494949728,
  "sharpe": -2.9753011723529723,
  "turnover": 0.5725424228220936,
  "costs_bps": 10.0,
  "alloc_mode": "dollar_neutral"
}