{
  "val_mse": 0.00027393009622755926,
  "test_mse": 0.00022323072719486142,
  "test_mae": 0.011877110962400107,
  "sharpe": -1.2086673111935182,
  "turnover": 0.6913557699237897,
  "costs_bps": 10.0,
  "alloc_mode": "dollar_neutral"
}