{
  "val_mse": 0.0028004382184008136,
  "test_mse": 0.0024762154288014504,
  "test_mae": 0.04211250831925772,
  "sharpe": -1.7029304795762954,
  "turnover": 0.6651088035839602,
  "costs_bps": 10.0,
  "alloc_mode": "dollar_neutral"
}