{
  "val_mse": 0.0006216336732904892,
  "test_mse": 0.0005490900347637754,
  "test_mae": 0.019429745728044005,
  "sharpe": -0.23343107133488736,
  "turnover": 0.248538453442355,
  "costs_bps": 10.0,
  "alloc_mode": "dollar_neutral"
}