{
  "val_mse": 0.00018569733583717607,
  "test_mse": 0.0001337253299898589,
  "test_mae": 0.008826797419204944,
  "sharpe": -1.0489099213481266,
  "turnover": 0.3418758130988212,
  "costs_bps": 10.0,
  "alloc_mode": "dollar_neutral"
}