{
  "val_mse": 0.0002822244568960741,
  "test_mse": 0.00019197073257961857,
  "test_mae": 0.010094789912554658,
  "sharpe": -2.617112786948227,
  "turnover": 0.3692313289545054,
  "costs_bps": 10.0,
  "alloc_mode": "dollar_neutral"
}