{
  "val_mse": 0.00031180738005787134,
  "test_mse": 0.0002948940536695408,
  "test_mae": 0.013091022352337355,
  "sharpe": -1.614933837405543,
  "turnover": 0.5250814526647269,
  "costs_bps": 10.0,
  "alloc_mode": "dollar_neutral"
}