{
  "val_mse": 0.00043728544187615626,
  "test_mse": 0.00038403594785799773,
  "test_mae": 0.015411555691648591,
  "sharpe": -2.963664317790879,
  "turnover": 0.5347830032296328,
  "costs_bps": 10.0,
  "alloc_mode": "dollar_neutral"
}