{
  "val_mse": 0.0010274157975800335,
  "test_mse": 0.0021145661674470072,
  "test_mae": 0.04308855091692948,
  "sharpe": -1.5955591440674883,
  "turnover": 0.5380390920800718,
  "costs_bps": 10.0,
  "alloc_mode": "dollar_neutral"
}