{
  "val_mse": 0.00027191615299670957,
  "test_mse": 0.00019616579378531823,
  "test_mae": 0.010040277453056473,
  "sharpe": -0.394495280618684,
  "turnover": 0.10596024145104503,
  "costs_bps": 10.0,
  "alloc_mode": "dollar_neutral"
}