{
  "val_mse": 0.004268642544047907,
  "test_mse": 0.0027837890807373322,
  "test_mae": 0.04077932647304979,
  "sharpe": -1.8429424166245805,
  "turnover": 0.6233952058222794,
  "costs_bps": 10.0,
  "alloc_mode": "dollar_neutral"
}