{
  "val_mse": 0.0002520566313251038,
  "test_mse": 0.00019041007272248734,
  "test_mae": 0.010034340019017337,
  "sharpe": -2.372076663658291,
  "turnover": 0.6018500454226124,
  "costs_bps": 10.0,
  "alloc_mode": "dollar_neutral"
}