{
  "val_mse": 0.0002509798487153603,
  "test_mse": 0.0001339296580326983,
  "test_mae": 0.008995601927487433,
  "sharpe": -4.548567937741736,
  "turnover": 0.6319441136544003,
  "costs_bps": 10.0,
  "alloc_mode": "dollar_neutral"
}