{
  "val_mse": 0.0034021531901089475,
  "test_mse": 0.00242710616399351,
  "test_mae": 0.03945967964586635,
  "sharpe": -3.281431732660159,
  "turnover": 0.6346031570803077,
  "costs_bps": 10.0,
  "alloc_mode": "dollar_neutral"
}