{
  "val_mse": 0.0002753858925643726,
  "test_mse": 0.00010798810042411222,
  "test_mae": 0.007730498931070963,
  "sharpe": -1.3360682460167739,
  "turnover": 0.11719183661405713,
  "costs_bps": 10.0,
  "alloc_mode": "dollar_neutral"
}