{
  "val_mse": 0.00019069745030719787,
  "test_mse": 0.00011981041130112468,
  "test_mae": 0.009041760802735648,
  "sharpe": -1.943153797161205,
  "turnover": 0.38251551025452546,
  "costs_bps": 10.0,
  "alloc_mode": "dollar_neutral"
}