{
  "val_mse": 0.00023388483077724231,
  "test_mse": 0.00011033012073642431,
  "test_mae": 0.008107768443109342,
  "sharpe": -4.148694199013996,
  "turnover": 0.5221961288517804,
  "costs_bps": 10.0,
  "alloc_mode": "dollar_neutral"
}