{
  "val_mse": 0.00012528365459729685,
  "test_mse": 9.734981320132089e-05,
  "test_mae": 0.00813727218609456,
  "sharpe": -3.4835618773775203,
  "turnover": 0.6026000546987448,
  "costs_bps": 10.0,
  "alloc_mode": "dollar_neutral"
}