{
  "val_mse": 0.0002260313103761291,
  "test_mse": 0.00030043541050725264,
  "test_mae": 0.015184157145798979,
  "sharpe": 0.0630519077940821,
  "turnover": 0.09236211900963381,
  "costs_bps": 10.0,
  "alloc_mode": "dollar_neutral"
}